case	good	whitespace-mutant	restored
whole-code-exact-tabs-crlf-unicode	True	False	True
empty-valid-selection	True	True	True
unicode-codepoint-subrange	True	True	True
global-disable-before-preparation	True	True	True
site-disable-before-preparation	True	True	True
other-site-disable-allows-exact-copy	True	False	True
global-disable-after-paint	True	True	True
site-disable-after-paint	True	True	True
missing-clipboard-capability	True	True	True
recycled-control-target-refused	True	True	True
different-site-context-refused	True	True	True
new-digest-refuses-old-control	True	True	True
equal-bytes-other-source-refused	True	True	True
new-decoder-refuses-old-control	True	True	True
forged-unchanged-binding-with-changed-text-refused	True	True	True
missing-fragment-refused	True	True	True
missing-provenance-binding-refused	True	True	True
byte-unit-candidate-refused	True	True	True
out-of-range-selection-refused	True	True	True
reversed-range-refused	True	True	True
empty-target-identity-refused	True	True	True
unclassified-target-needs-no-write	True	True	True
cheap-explicit-code-preformatted-selection	True	True	True
retained-graph-rebuild-copies-exact-source	True	False	True
literal-overlap-positions-and-copy	True	True	True
