artifact	sha256	archive_bytes	classes_jar_bytes	class_count	native_libraries	resource_entries
material-1.14.0.pom	b8d90c94f010f0205e49074321aa449e663ed2e818f8494e1264b2f2f85c08c8	5843	n/a	n/a	n/a	n/a
material-1.14.0.aar	19e8fab43df6870f8e4322059624384be0279da56dc910529ff591dc674008cd	2741429	2165651	1108	0	767
markwon-core-4.6.2.pom	e7d0679effaf986249da447fa8fcb2717f5f21b066cbec50b33868fd27a37a39	1567	n/a	n/a	n/a	n/a
markwon-core-4.6.2.aar	29e4c1de9aefa3d3c7f8a7948ba24c3696adc34b29e3d7d106eb35e8fa2c85fd	133475	136778	131	0	3
commonmark-0.13.0.pom	80896dee93d2f238face877b9b2b70119254ae41e17c9ff092253897c1f8ad61	2739	n/a	n/a	n/a	n/a
commonmark-0.13.0.jar	fd38aecef680649894ffd7b434e10081fc609e260c63e16c4323a3eaa2a9f096	141562	141562	122	0	0
window-1.5.1.pom	0a28fe17feed5c0175fbfbd6722ce78c575a1eeac09d858f08e49353f34707e0	4032	n/a	n/a	n/a	n/a
window-1.5.1.aar	3c3061966f012fc22f2e99701f683e82e732435ae2f2a1d5b2f99d82bb7b8864	485445	514618	262	0	3
appcompat-1.7.1.pom	1f79910cc20de198acf3867b1e93f9ed59ddb643585b2e9c28ee55518af1bc00	5366	n/a	n/a	n/a	n/a
appcompat-1.7.1.aar	2ad334a323b28046e89b738c77d184cb3dcca32a551ab048851b2fda23a3ba26	1148656	791562	400	0	540
core-1.17.0.pom	8b63b18ff4e3474ef1e9428ed022d7994e9e69adfcdaee7e59c7e52dc3cf75b0	4908	n/a	n/a	n/a	n/a
core-1.17.0.aar	e1bd22bbcf5cee3a992dedb7d2d3c3b31c9f761c01e56d00ea443c8aaa981182	1409473	1434759	936	0	218
activity-compose-1.13.0.pom	cb6a8ff89ffb7f107f214050e9fb32b0d0b0f665d8de7c9e4e2a4d5fea9951e9	4545	n/a	n/a	n/a	n/a
activity-compose-1.13.0.aar	2b5da3033d4924e833868e140c3edfc0c03208710b6b9fb2c9d9a47560ba55fa	144321	73923	35	0	3
compose-bom-2026.08.00.pom	64e1f38aa90623f8218c4de40a50addd6501d25d4e6b8cb69496addc8a6f9b1b	41126	n/a	n/a	n/a	n/a
material3-android-1.4.0.pom	cc0362653240708a010de50fee8caf884a610fbb10b6013e86694d77c43febc7	5391	n/a	n/a	n/a	n/a
material3-android-1.4.0.aar	3a37e8b36df3822fe1e6059f0f9fafda8800388860477624ac1b9422c418a36e	5167765	4178577	1367	0	175
foundation-android-1.12.0.pom	bf8f258f0657eea224a663dc463f43ca6f7c61897342fb07066a98c121e141da	4737	n/a	n/a	n/a	n/a
foundation-android-1.12.0.aar	657c05465eddae8ff7a1e55a4a615bc26da9012834a44e1e4282deeb54ae8ea7	4441825	4676914	1982	0	173
ui-android-1.12.0.pom	aabfd1a533c2de912fda349dd062a89148e6d02dcaf62c89befc62a13f09e199	10805	n/a	n/a	n/a	n/a
ui-android-1.12.0.aar	3d2d83c96546c380cbc582329ece0da74a4f9267d52c6dead69c2272bfce0313	4047839	3039823	1300	0	176
runtime-android-1.12.0.pom	2d0376211209ae538392b7bebd17a0e7d76ab0133dc6508de09f2ca4cd6e4502	4961	n/a	n/a	n/a	n/a
runtime-android-1.12.0.aar	4002a4a17696cd182f080fe3663490e4f327f285c569ed844f1c435b8b772ba7	1997054	1972426	764	0	0
core-1.16.0.pom	074974a1550221af7aa85ded6903c3d84c9bdedf9e6b4ff3b0cb471329b5ac77	4341	n/a	n/a	n/a	n/a
core-1.16.0.aar	6bf03d39dbe3744acce227d3b697374c3625aae1025fbec8ad9fd7bd58bce431	1377184	1400266	918	0	218
appcompat-1.7.0.pom	a57b428f428a9337d7b483a2162a570d4e672bceff411a6465e53e8747506ac3	5366	n/a	n/a	n/a	n/a
appcompat-1.7.0.aar	67189713b30a3fab6971713cc5fab1cb7f022bcf648a257563715c91d719d584	1148962	791932	400	0	540
annotation-1.1.0.pom	2e9372ba7780ef44952adbf86b66e1f08682c1e5277c926185f6564a13799efe	1309	n/a	n/a	n/a	n/a
annotation-1.1.0.jar	d38d63edb30f1467818d50aaf05f8a692dea8b31392a049bfa991b159ad5b692	28478	28478	59	0	0
termux-am-library-v2.0.0.aar	09128a409bd4d9a95807d53e17e070ca9d1c98c1694ac4297cb61961657aad91	16687	16591	8	0	0
termux-am-library-v2.0.0.pom	46ee912d535def93fda908692120907b34f1a9ab3ebdca775737339ad6868d34	1220	n/a	n/a	n/a	n/a
